{"b4w_format_version": "6.03", "b4w_filepath_blend": "../blender/new/Drums_on_RIZER.blend", "actions": [], "images": [], "textures": [], "materials": [{"use_orco_tex_coord": false, "name": "Material", "use_nodes": false, "diffuse_color": [0.0188, 0.0188, 0.0188], "diffuse_shader": "LAMBERT", "roughness": 0.5, "diffuse_fresnel": 0.1, "diffuse_fresnel_factor": 0.5, "darkness": 1, "diffuse_toon_size": 0.5, "diffuse_toon_smooth": 0.1, "diffuse_intensity": 0.8, "alpha": 1, "specular_alpha": 1, "raytrace_mirror": {"reflect_factor": 0, "fresnel": 0, "fresnel_factor": 1.25}, "specular_color": [1, 1, 1], "specular_intensity": 0.5, "specular_shader": "COOKTORR", "specular_hardness": 50, "specular_ior": 4, "specular_slope": 0.1, "specular_toon_size": 0.5, "specular_toon_smooth": 0.1, "emit": 0, "ambient": 1, "use_vertex_color_paint": false, "b4w_water": false, "b4w_water_shore_smoothing": true, "b4w_water_absorb_factor": 6, "b4w_water_dynamic": false, "b4w_waves_height": 1, "b4w_waves_length": 10, "b4w_generated_mesh": false, "b4w_water_num_cascads": 5, "b4w_water_subdivs": 64, "b4w_water_detailed_dist": 1000, "b4w_water_fog_color": [0.4, 0.6, 0.7], "b4w_water_fog_density": 0.06, "b4w_foam_factor": 0.5, "b4w_shallow_water_col": [0, 0.8, 0.3], "b4w_shore_water_col": [0, 0.9, 0.2], "b4w_shallow_water_col_fac": 1, "b4w_shore_water_col_fac": 0.5, "b4w_water_dst_noise_scale0": 0.05, "b4w_water_dst_noise_scale1": 0.03, "b4w_water_dst_noise_freq0": 1.3, "b4w_water_dst_noise_freq1": 1, "b4w_water_dir_min_shore_fac": 0.4, "b4w_water_dir_freq": 0.5, "b4w_water_dir_noise_scale": 0.05, "b4w_water_dir_noise_freq": 0.07, "b4w_water_dir_min_noise_fac": 0.5, "b4w_water_dst_min_fac": 0.2, "b4w_water_waves_hor_fac": 5, "b4w_water_sss_strength": 1, "b4w_water_sss_width": 0.45, "b4w_water_norm_uv_velocity": 0.05, "b4w_water_enable_caust": false, "b4w_water_caust_scale": 0.25, "b4w_water_caust_brightness": 0.5, "b4w_terrain": false, "b4w_dynamic_grass_size": "", "b4w_dynamic_grass_color": "", "b4w_do_not_render": false, "b4w_lens_flares": false, "b4w_collision": false, "b4w_use_ghost": false, "b4w_collision_id": "", "b4w_collision_margin": 0.03999999910593033, "b4w_collision_group": 128, "b4w_collision_mask": 65407, "b4w_double_sided_lighting": false, "b4w_wettable": false, "b4w_refractive": false, "b4w_refr_bump": 0.0010000000474974513, "b4w_render_above_all": false, "physics": {"friction": 0.5, "elasticity": 0}, "type": "SURFACE", "b4w_halo_sky_stars": false, "b4w_halo_stars_blend_height": 10.0, "b4w_halo_stars_min_height": 0.0, "halo": {"hardness": 50, "size": 0.5, "b4w_halo_rings_color": [1, 1, 1], "b4w_halo_lines_color": [1, 1, 1], "ring_count": 0, "line_count": 0, "star_tip_count": 0}, "use_transparency": false, "use_shadeless": false, "use_tangent_shading": false, "pass_index": 0, "offset_z": 0, "game_settings": {"alpha_blend": "OPAQUE", "use_backface_culling": true}, "uv_vc_key": "", "node_tree": null, "texture_slots": [], "uuid": "d37b9ea712f590c3cd9bf6d3ec436c10", "source_uuid": "d37b9ea712f590c3cd9bf6d3ec436c10"}, {"use_orco_tex_coord": false, "name": "MetalPlates", "use_nodes": false, "diffuse_color": [0.0061, 0.0188, 0.0029], "diffuse_shader": "LAMBERT", "roughness": 0.5, "diffuse_fresnel": 0.1, "diffuse_fresnel_factor": 0.5, "darkness": 1, "diffuse_toon_size": 0.5, "diffuse_toon_smooth": 0.1, "diffuse_intensity": 0.8, "alpha": 1, "specular_alpha": 1, "raytrace_mirror": {"reflect_factor": 0.3, "fresnel": 2, "fresnel_factor": 1.25}, "specular_color": [0.4575, 0.4289, 0.0381], "specular_intensity": 1, "specular_shader": "COOKTORR", "specular_hardness": 10, "specular_ior": 4, "specular_slope": 0.1, "specular_toon_size": 0.5, "specular_toon_smooth": 0.1, "emit": 0, "ambient": 1, "use_vertex_color_paint": false, "b4w_water": false, "b4w_water_shore_smoothing": true, "b4w_water_absorb_factor": 6, "b4w_water_dynamic": false, "b4w_waves_height": 1, "b4w_waves_length": 10, "b4w_generated_mesh": false, "b4w_water_num_cascads": 5, "b4w_water_subdivs": 64, "b4w_water_detailed_dist": 1000, "b4w_water_fog_color": [0.4, 0.6, 0.7], "b4w_water_fog_density": 0.06, "b4w_foam_factor": 0.5, "b4w_shallow_water_col": [0, 0.8, 0.3], "b4w_shore_water_col": [0, 0.9, 0.2], "b4w_shallow_water_col_fac": 1, "b4w_shore_water_col_fac": 0.5, "b4w_water_dst_noise_scale0": 0.05, "b4w_water_dst_noise_scale1": 0.03, "b4w_water_dst_noise_freq0": 1.3, "b4w_water_dst_noise_freq1": 1, "b4w_water_dir_min_shore_fac": 0.4, "b4w_water_dir_freq": 0.5, "b4w_water_dir_noise_scale": 0.05, "b4w_water_dir_noise_freq": 0.07, "b4w_water_dir_min_noise_fac": 0.5, "b4w_water_dst_min_fac": 0.2, "b4w_water_waves_hor_fac": 5, "b4w_water_sss_strength": 1, "b4w_water_sss_width": 0.45, "b4w_water_norm_uv_velocity": 0.05, "b4w_water_enable_caust": false, "b4w_water_caust_scale": 0.25, "b4w_water_caust_brightness": 0.5, "b4w_terrain": false, "b4w_dynamic_grass_size": "", "b4w_dynamic_grass_color": "", "b4w_do_not_render": false, "b4w_lens_flares": false, "b4w_collision": false, "b4w_use_ghost": false, "b4w_collision_id": "", "b4w_collision_margin": 0.03999999910593033, "b4w_collision_group": 128, "b4w_collision_mask": 65407, "b4w_double_sided_lighting": false, "b4w_wettable": false, "b4w_refractive": false, "b4w_refr_bump": 0.0010000000474974513, "b4w_render_above_all": false, "physics": {"friction": 0.5, "elasticity": 0}, "type": "SURFACE", "b4w_halo_sky_stars": false, "b4w_halo_stars_blend_height": 10.0, "b4w_halo_stars_min_height": 0.0, "halo": {"hardness": 10, "size": 0.5, "b4w_halo_rings_color": [1, 1, 1], "b4w_halo_lines_color": [0.4575, 0.4289, 0.0381], "ring_count": 0, "line_count": 0, "star_tip_count": 0}, "use_transparency": false, "use_shadeless": false, "use_tangent_shading": false, "pass_index": 0, "offset_z": 0, "game_settings": {"alpha_blend": "OPAQUE", "use_backface_culling": true}, "uv_vc_key": "", "node_tree": null, "texture_slots": [], "uuid": "ad5b0ca4a04bfcd72e3294b254fda415", "source_uuid": "ad5b0ca4a04bfcd72e3294b254fda415"}, {"use_orco_tex_coord": false, "name": "Material.001", "use_nodes": false, "diffuse_color": [0.8, 0.0287, 0.0107], "diffuse_shader": "LAMBERT", "roughness": 0.5, "diffuse_fresnel": 0.1, "diffuse_fresnel_factor": 0.5, "darkness": 1, "diffuse_toon_size": 0.5, "diffuse_toon_smooth": 0.1, "diffuse_intensity": 0.8, "alpha": 1, "specular_alpha": 1, "raytrace_mirror": {"reflect_factor": 0, "fresnel": 0, "fresnel_factor": 1.25}, "specular_color": [1, 1, 1], "specular_intensity": 0.5, "specular_shader": "COOKTORR", "specular_hardness": 50, "specular_ior": 4, "specular_slope": 0.1, "specular_toon_size": 0.5, "specular_toon_smooth": 0.1, "emit": 0, "ambient": 1, "use_vertex_color_paint": false, "b4w_water": false, "b4w_water_shore_smoothing": true, "b4w_water_absorb_factor": 6, "b4w_water_dynamic": false, "b4w_waves_height": 1, "b4w_waves_length": 10, "b4w_generated_mesh": false, "b4w_water_num_cascads": 5, "b4w_water_subdivs": 64, "b4w_water_detailed_dist": 1000, "b4w_water_fog_color": [0.4, 0.6, 0.7], "b4w_water_fog_density": 0.06, "b4w_foam_factor": 0.5, "b4w_shallow_water_col": [0, 0.8, 0.3], "b4w_shore_water_col": [0, 0.9, 0.2], "b4w_shallow_water_col_fac": 1, "b4w_shore_water_col_fac": 0.5, "b4w_water_dst_noise_scale0": 0.05, "b4w_water_dst_noise_scale1": 0.03, "b4w_water_dst_noise_freq0": 1.3, "b4w_water_dst_noise_freq1": 1, "b4w_water_dir_min_shore_fac": 0.4, "b4w_water_dir_freq": 0.5, "b4w_water_dir_noise_scale": 0.05, "b4w_water_dir_noise_freq": 0.07, "b4w_water_dir_min_noise_fac": 0.5, "b4w_water_dst_min_fac": 0.2, "b4w_water_waves_hor_fac": 5, "b4w_water_sss_strength": 1, "b4w_water_sss_width": 0.45, "b4w_water_norm_uv_velocity": 0.05, "b4w_water_enable_caust": false, "b4w_water_caust_scale": 0.25, "b4w_water_caust_brightness": 0.5, "b4w_terrain": false, "b4w_dynamic_grass_size": "", "b4w_dynamic_grass_color": "", "b4w_do_not_render": false, "b4w_lens_flares": false, "b4w_collision": false, "b4w_use_ghost": false, "b4w_collision_id": "", "b4w_collision_margin": 0.03999999910593033, "b4w_collision_group": 128, "b4w_collision_mask": 65407, "b4w_double_sided_lighting": false, "b4w_wettable": false, "b4w_refractive": false, "b4w_refr_bump": 0.0010000000474974513, "b4w_render_above_all": false, "physics": {"friction": 0.5, "elasticity": 0}, "type": "SURFACE", "b4w_halo_sky_stars": false, "b4w_halo_stars_blend_height": 10.0, "b4w_halo_stars_min_height": 0.0, "halo": {"hardness": 50, "size": 0.5, "b4w_halo_rings_color": [1, 1, 1], "b4w_halo_lines_color": [1, 1, 1], "ring_count": 0, "line_count": 0, "star_tip_count": 0}, "use_transparency": false, "use_shadeless": false, "use_tangent_shading": false, "pass_index": 0, "offset_z": 0, "game_settings": {"alpha_blend": "OPAQUE", "use_backface_culling": true}, "uv_vc_key": "", "node_tree": null, "texture_slots": [], "uuid": "9fbc480fbf084a2c3e131dbeaa5d30a0", "source_uuid": "9fbc480fbf084a2c3e131dbeaa5d30a0"}, {"use_orco_tex_coord": false, "name": "Material.002", "use_nodes": false, "diffuse_color": [1, 1, 1], "diffuse_shader": "LAMBERT", "roughness": 0.5, "diffuse_fresnel": 0.1, "diffuse_fresnel_factor": 0.5, "darkness": 1, "diffuse_toon_size": 0.5, "diffuse_toon_smooth": 0.1, "diffuse_intensity": 0.8, "alpha": 1, "specular_alpha": 1, "raytrace_mirror": {"reflect_factor": 0, "fresnel": 0, "fresnel_factor": 1.25}, "specular_color": [1, 1, 1], "specular_intensity": 0.5, "specular_shader": "COOKTORR", "specular_hardness": 50, "specular_ior": 4, "specular_slope": 0.1, "specular_toon_size": 0.5, "specular_toon_smooth": 0.1, "emit": 0, "ambient": 1, "use_vertex_color_paint": false, "b4w_water": false, "b4w_water_shore_smoothing": true, "b4w_water_absorb_factor": 6, "b4w_water_dynamic": false, "b4w_waves_height": 1, "b4w_waves_length": 10, "b4w_generated_mesh": false, "b4w_water_num_cascads": 5, "b4w_water_subdivs": 64, "b4w_water_detailed_dist": 1000, "b4w_water_fog_color": [0.4, 0.6, 0.7], "b4w_water_fog_density": 0.06, "b4w_foam_factor": 0.5, "b4w_shallow_water_col": [0, 0.8, 0.3], "b4w_shore_water_col": [0, 0.9, 0.2], "b4w_shallow_water_col_fac": 1, "b4w_shore_water_col_fac": 0.5, "b4w_water_dst_noise_scale0": 0.05, "b4w_water_dst_noise_scale1": 0.03, "b4w_water_dst_noise_freq0": 1.3, "b4w_water_dst_noise_freq1": 1, "b4w_water_dir_min_shore_fac": 0.4, "b4w_water_dir_freq": 0.5, "b4w_water_dir_noise_scale": 0.05, "b4w_water_dir_noise_freq": 0.07, "b4w_water_dir_min_noise_fac": 0.5, "b4w_water_dst_min_fac": 0.2, "b4w_water_waves_hor_fac": 5, "b4w_water_sss_strength": 1, "b4w_water_sss_width": 0.45, "b4w_water_norm_uv_velocity": 0.05, "b4w_water_enable_caust": false, "b4w_water_caust_scale": 0.25, "b4w_water_caust_brightness": 0.5, "b4w_terrain": false, "b4w_dynamic_grass_size": "", "b4w_dynamic_grass_color": "", "b4w_do_not_render": false, "b4w_lens_flares": false, "b4w_collision": false, "b4w_use_ghost": false, "b4w_collision_id": "", "b4w_collision_margin": 0.03999999910593033, "b4w_collision_group": 128, "b4w_collision_mask": 65407, "b4w_double_sided_lighting": false, "b4w_wettable": false, "b4w_refractive": false, "b4w_refr_bump": 0.0010000000474974513, "b4w_render_above_all": false, "physics": {"friction": 0.5, "elasticity": 0}, "type": "SURFACE", "b4w_halo_sky_stars": false, "b4w_halo_stars_blend_height": 10.0, "b4w_halo_stars_min_height": 0.0, "halo": {"hardness": 50, "size": 0.5, "b4w_halo_rings_color": [1, 1, 1], "b4w_halo_lines_color": [1, 1, 1], "ring_count": 0, "line_count": 0, "star_tip_count": 0}, "use_transparency": false, "use_shadeless": false, "use_tangent_shading": false, "pass_index": 0, "offset_z": 0, "game_settings": {"alpha_blend": "OPAQUE", "use_backface_culling": true}, "uv_vc_key": "", "node_tree": null, "texture_slots": [], "uuid": "03b3250049702d028575a6a0cab7ca32", "source_uuid": "03b3250049702d028575a6a0cab7ca32"}, {"use_orco_tex_coord": false, "name": "DEFAULT", "use_nodes": false, "diffuse_color": [0.8, 0.8, 0.8], "diffuse_shader": "LAMBERT", "roughness": 0.5, "diffuse_fresnel": 0.1, "diffuse_fresnel_factor": 0.5, "darkness": 1, "diffuse_toon_size": 0.5, "diffuse_toon_smooth": 0.1, "diffuse_intensity": 0.8, "alpha": 1, "specular_alpha": 1, "raytrace_mirror": {"reflect_factor": 0, "fresnel": 0, "fresnel_factor": 1.25}, "specular_color": [1, 1, 1], "specular_intensity": 0.5, "specular_shader": "COOKTORR", "specular_hardness": 50, "specular_ior": 4, "specular_slope": 0.1, "specular_toon_size": 0.5, "specular_toon_smooth": 0.1, "emit": 0, "ambient": 1, "use_vertex_color_paint": false, "b4w_water": false, "b4w_water_shore_smoothing": true, "b4w_water_absorb_factor": 6, "b4w_water_dynamic": false, "b4w_waves_height": 1, "b4w_waves_length": 10, "b4w_generated_mesh": false, "b4w_water_num_cascads": 5, "b4w_water_subdivs": 64, "b4w_water_detailed_dist": 1000, "b4w_water_fog_color": [0.4, 0.6, 0.7], "b4w_water_fog_density": 0.06, "b4w_foam_factor": 0.5, "b4w_shallow_water_col": [0, 0.8, 0.3], "b4w_shore_water_col": [0, 0.9, 0.2], "b4w_shallow_water_col_fac": 1, "b4w_shore_water_col_fac": 0.5, "b4w_water_dst_noise_scale0": 0.05, "b4w_water_dst_noise_scale1": 0.03, "b4w_water_dst_noise_freq0": 1.3, "b4w_water_dst_noise_freq1": 1, "b4w_water_dir_min_shore_fac": 0.4, "b4w_water_dir_freq": 0.5, "b4w_water_dir_noise_scale": 0.05, "b4w_water_dir_noise_freq": 0.07, "b4w_water_dir_min_noise_fac": 0.5, "b4w_water_dst_min_fac": 0.2, "b4w_water_waves_hor_fac": 5, "b4w_water_sss_strength": 1, "b4w_water_sss_width": 0.45, "b4w_water_norm_uv_velocity": 0.05, "b4w_water_enable_caust": false, "b4w_water_caust_scale": 0.25, "b4w_water_caust_brightness": 0.5, "b4w_terrain": false, "b4w_dynamic_grass_size": "", "b4w_dynamic_grass_color": "", "b4w_do_not_render": false, "b4w_lens_flares": false, "b4w_collision": false, "b4w_use_ghost": false, "b4w_collision_id": "", "b4w_collision_margin": 0.03999999910593033, "b4w_collision_group": 128, "b4w_collision_mask": 65407, "b4w_double_sided_lighting": false, "b4w_wettable": false, "b4w_refractive": false, "b4w_refr_bump": 0.0010000000474974513, "b4w_render_above_all": false, "physics": {"friction": 0.5, "elasticity": 0}, "type": "SURFACE", "b4w_halo_sky_stars": false, "b4w_halo_stars_blend_height": 10.0, "b4w_halo_stars_min_height": 0.0, "halo": {"hardness": 50, "size": 0.5, "b4w_halo_rings_color": [1, 1, 1], "b4w_halo_lines_color": [1, 1, 1], "ring_count": 0, "line_count": 0, "star_tip_count": 0}, "use_transparency": false, "use_shadeless": false, "use_tangent_shading": false, "pass_index": 0, "offset_z": 0, "game_settings": {"alpha_blend": "OPAQUE", "use_backface_culling": true}, "uv_vc_key": "", "node_tree": null, "texture_slots": [], "uuid": "49c50c26a7450e7abd60110a4009e2c2", "source_uuid": "49c50c26a7450e7abd60110a4009e2c2"}], "meshes": [{"name": "DRUMS on RIZER", "uuid": "daf2825453ce61bb4700f04102aa23e4", "materials": [{"uuid": "d37b9ea712f590c3cd9bf6d3ec436c10"}, {"uuid": "ad5b0ca4a04bfcd72e3294b254fda415"}, {"uuid": "9fbc480fbf084a2c3e131dbeaa5d30a0"}, {"uuid": "03b3250049702d028575a6a0cab7ca32"}, {"uuid": "49c50c26a7450e7abd60110a4009e2c2"}], "b4w_vertex_anim": [], "vertex_groups": [], "uv_textures": [], "active_vcol_name": "", "active_uv_name": "", "submeshes": [{"boundings": {"bb": {"max_x": 61.06161, "max_y": 55.97716, "max_z": 62.54264, "min_x": -60.43839, "min_y": -55.52284, "min_z": 0.25864}, "be_ax": [116.84259, 114.20872, 50.14091], "be_cen": [0.95863, 2.04854, 26.80926], "rbb": {"rbb_c": [-0.10628873109817505, -1.972146987915039, 22.815736770629883], "rbb_s": [79.70260620117188, 77.90594482421875, 34.20295333862305]}, "caxis_x": [0.8925617337226868, -0.4482761025428772, -0.04880870133638382], "caxis_y": [0.44973358511924744, 0.8771077394485474, 0.16858740150928497], "caxis_z": [-0.03276320919394493, -0.1724255532026291, 0.9844775199890137]}, "base_length": 23773, "indices": [0, 24702], "position": [0, 71319], "texcoord": [0, 0], "shade_tangs": [0, 0], "normal": [0, 71319], "tangent": [0, 0], "group": [0, 0], "color": [0, 0], "vertex_colors": [], "uv_layers": []}, {"boundings": {"bb": {"max_x": 46.56161, "max_y": 45.52615, "max_z": 62.54264, "min_x": -35.34039, "min_y": -3.42784, "min_z": 51.71664}, "be_ax": [72.91507, 45.49568, 6.11622], "be_cen": [5.01595, 22.12691, 58.60814], "rbb": {"rbb_c": [2.3246071338653564, 26.122398376464844, 59.68810272216797], "rbb_s": [41.988487243652344, 26.198904037475586, 3.522052764892578]}, "caxis_x": [0.9622291922569275, 0.25573691725730896, 0.09334604442119598], "caxis_y": [-0.2684309184551239, 0.9484092593193054, 0.16871435940265656], "caxis_z": [-0.04538377746939659, -0.18739886581897736, 0.9812349677085876]}, "base_length": 801, "indices": [24702, 801], "position": [71319, 2403], "texcoord": [0, 0], "shade_tangs": [0, 0], "normal": [71319, 2403], "tangent": [0, 0], "group": [0, 0], "color": [0, 0], "vertex_colors": [], "uv_layers": []}, {"boundings": {"bb": {"max_x": 19.56161, "max_y": 37.97716, "max_z": 57.22464, "min_x": -18.43839, "min_y": 0.47716, "min_z": 23.75864}, "be_ax": [36.68105, 32.9423, 27.84517], "be_cen": [0.34778, 19.09341, 40.01593], "rbb": {"rbb_c": [-1.1593017578125, 17.114688873291016, 39.74795913696289], "rbb_s": [23.710262298583984, 21.293567657470703, 17.998838424682617]}, "caxis_x": [0.7381750345230103, -0.6026479601860046, -0.30317139625549316], "caxis_y": [0.5675451755523682, 0.7977145910263062, -0.20382334291934967], "caxis_z": [0.36467796564102173, -0.021606149151921272, 0.9308829307556152]}, "base_length": 479, "indices": [25503, 597], "position": [73722, 1437], "texcoord": [0, 0], "shade_tangs": [0, 0], "normal": [73722, 1437], "tangent": [0, 0], "group": [0, 0], "color": [0, 0], "vertex_colors": [], "uv_layers": []}, {"boundings": {"bb": {"max_x": 19.56161, "max_y": 37.97716, "max_z": 57.22464, "min_x": -18.43839, "min_y": 0.47716, "min_z": 23.75864}, "be_ax": [28.73155, 41.99912, 29.23019], "be_cen": [-1.10325, 18.95729, 41.38342], "rbb": {"rbb_c": [-6.249320983886719, 19.38106918334961, 43.1829719543457], "rbb_s": [17.238983154296875, 25.199552536010742, 17.538166046142578]}, "caxis_x": [0.5905649662017822, 0.6938173174858093, 0.4121289551258087], "caxis_y": [-0.49018150568008423, 0.7141032814979553, -0.4997785985469818], "caxis_z": [-0.6410577297210693, 0.09313374012708664, 0.7618208527565002]}, "base_length": 234, "indices": [26100, 342], "position": [75159, 702], "texcoord": [0, 0], "shade_tangs": [0, 0], "normal": [75159, 702], "tangent": [0, 0], "group": [0, 0], "color": [0, 0], "vertex_colors": [], "uv_layers": []}, {"boundings": {"bb": {"max_x": 0, "max_y": 0, "max_z": 0, "min_x": 0, "min_y": 0, "min_z": 0}, "be_ax": [0, 0, 0], "be_cen": [0, 0, 0], "rbb": {"rbb_c": [0.0, 0.0, 0.0], "rbb_s": [0.0, 0.0, 0.0]}, "caxis_x": [0.0, 0.0, 0.0], "caxis_y": [0.0, 0.0, 0.0], "caxis_z": [0.0, 0.0, 0.0]}, "base_length": 0, "indices": [0, 0], "position": [0, 0], "texcoord": [0, 0], "shade_tangs": [0, 0], "normal": [0, 0], "tangent": [0, 0], "group": [0, 0], "color": [0, 0], "vertex_colors": [], "uv_layers": []}], "b4w_shape_keys": [], "b4w_boundings": {"bb": {"max_x": 61.06161, "max_y": 55.97716, "max_z": 62.54264, "min_x": -60.43839, "min_y": -55.52284, "min_z": 0.25864}, "be_ax": [117.27895, 114.42645, 50.65174], "be_cen": [0.63589, 2.11937, 26.45548], "bs_rad": 90.43674, "bc_rad": 86.45416, "bs_cen": [1.15775, 6.56508, 23.27622], "bc_cen": [1.33506, 4.96156, 31.40064], "bb_src": {"max_x": 61.06161, "max_y": 55.97716, "max_z": 62.54264, "min_x": -60.43839, "min_y": -55.52284, "min_z": 0.25864}, "rbb": {"rbb_c": [0.0910046398639679, -2.2322561740875244, 21.83077049255371], "rbb_s": [79.49382781982422, 77.56034851074219, 34.332679748535156]}, "caxis_x": [0.8976427912712097, -0.4342639148235321, -0.07518162578344345], "caxis_y": [0.44032925367355347, 0.8764778971672058, 0.19467081129550934], "caxis_z": [-0.018643472343683243, -0.20784948766231537, 0.9779831171035767]}, "is_boundings_overridden": false}], "armatures": [], "cameras": [{"name": "Camera", "uuid": "6cec3c2798cfc051126f283ecb0000f9", "type": "PERSP", "angle": 0.857556, "angle_y": 0.50338, "sensor_fit": "AUTO", "ortho_scale": 7.314, "clip_start": 0.1, "clip_end": 100, "dof_distance": 0, "b4w_dof_front_start": 1, "b4w_dof_front_end": 5, "b4w_dof_rear_start": 1, "b4w_dof_rear_end": 5, "b4w_dof_power": 2, "b4w_dof_bokeh": false, "b4w_dof_bokeh_intensity": 0.3, "b4w_dof_foreground_blur": false, "b4w_move_style": "TARGET", "b4w_hover_zero_level": 0.0, "b4w_trans_velocity": 1, "b4w_rot_velocity": 1, "b4w_zoom_velocity": 0.1, "b4w_use_target_distance_limits": false, "b4w_distance_min": 1, "b4w_distance_max": 10, "b4w_use_horizontal_clamping": false, "b4w_rotation_left_limit": -0.7853981852531433, "b4w_rotation_right_limit": 0.7853981852531433, "b4w_horizontal_clamping_type": "LOCAL", "b4w_use_vertical_clamping": false, "b4w_rotation_down_limit": -0.7853981852531433, "b4w_rotation_up_limit": 0.7853981852531433, "b4w_vertical_clamping_type": "LOCAL", "b4w_horizontal_translation_min": -10, "b4w_horizontal_translation_max": 10, "b4w_vertical_translation_min": -10, "b4w_vertical_translation_max": 10, "b4w_use_zooming": false, "b4w_hover_angle_min": 0.0, "b4w_hover_angle_max": 1.5707963705062866, "b4w_enable_hover_hor_rotation": true, "b4w_use_panning": true, "b4w_use_pivot_limits": false, "b4w_pivot_z_min": 0.0, "b4w_pivot_z_max": 10.0, "b4w_target": [0, 0, 0], "dof_object": null}], "curves": [], "lamps": [{"animation_data": null, "name": "Sun", "uuid": "6ae48199a9930fe0bee28e857f6b6d9e", "type": "SUN", "energy": 1, "distance": 25, "use_diffuse": true, "use_specular": true, "falloff_type": null, "clip_start": 0.1, "clip_end": 30.0, "spot_size": null, "spot_blend": null, "b4w_generate_shadows": false, "b4w_dynamic_intensity": false, "color": [1, 1, 1]}, {"animation_data": null, "name": "Lamp", "uuid": "5fb415573b79da2f2601b52138698389", "type": "POINT", "energy": 1, "distance": 30, "use_diffuse": true, "use_specular": true, "falloff_type": "INVERSE_SQUARE", "clip_start": 1.0007989406585693, "clip_end": 30.00200080871582, "use_sphere": false, "spot_size": null, "spot_blend": null, "b4w_generate_shadows": true, "b4w_dynamic_intensity": false, "color": [1, 1, 1]}], "sounds": [], "speakers": [], "particles": [], "objects": [{"name": "Sun", "uuid": "a1e43952c1983d71e9b48731283c774a", "type": "LAMP", "body_text": null, "data": {"uuid": "6ae48199a9930fe0bee28e857f6b6d9e"}, "proxy": null, "dupli_group": null, "parent": null, "b4w_viewport_alignment": null, "pinverse_tsr": null, "parent_type": "OBJECT", "parent_bone": "", "b4w_cluster_data": {"cluster_id": -1, "cluster_center": null, "cluster_radius": 0}, "modifiers": [], "constraints": [], "particle_systems": [], "animation_data": null, "b4w_do_not_batch": false, "b4w_dynamic_geometry": false, "b4w_do_not_cull": false, "b4w_disable_fogging": false, "b4w_do_not_render": false, "b4w_hidden_on_load": false, "b4w_hide_chldr_on_load": false, "b4w_shadow_cast": false, "b4w_shadow_receive": false, "b4w_reflexible": false, "b4w_reflexible_only": false, "b4w_reflective": false, "b4w_reflection_type": "PLANE", "b4w_caustics": false, "b4w_wind_bending": false, "b4w_wind_bending_angle": 10, "b4w_wind_bending_freq": 0.25, "b4w_detail_bending_amp": 0.1, "b4w_detail_bending_freq": 1, "b4w_branch_bending_amp": 0.3, "b4w_main_bend_stiffness_col": "", "b4w_detail_bend_colors": {"leaves_stiffness_col": "", "leaves_phase_col": "", "overall_stiffness_col": ""}, "lod_levels": [], "b4w_proxy_inherit_anim": true, "b4w_selectable": false, "b4w_outlining": false, "b4w_billboard": false, "b4w_pres_glob_orientation": false, "b4w_billboard_geometry": "SPHERICAL", "b4w_outline_settings": {"outline_duration": 1, "outline_period": 1, "outline_relapses": 0}, "b4w_outline_on_select": false, "b4w_use_default_animation": false, "b4w_anim_behavior": "CYCLIC", "b4w_animation_mixing": false, "b4w_shadow_cast_only": false, "b4w_collision": false, "b4w_collision_id": "", "b4w_vehicle": false, "b4w_vehicle_settings": null, "b4w_character": false, "b4w_character_settings": null, "b4w_floating": false, "b4w_floating_settings": null, "pose": null, "field": null, "b4w_correct_bounding_offset": "AUTO", "game": {"physics_type": "NO_COLLISION", "use_ghost": false, "use_sleep": false, "mass": 1, "velocity_min": 0, "velocity_max": 0, "damping": 0.04, "rotation_damping": 0.1, "lock_location_x": false, "lock_location_y": false, "lock_location_z": false, "lock_rotation_x": false, "lock_rotation_y": false, "lock_rotation_z": false, "collision_margin": 0.03999999910593033, "collision_group": 1, "collision_mask": 65535, "use_collision_bounds": false, "collision_bounds_type": "BOX", "use_collision_compound": false}, "pass_index": 0, "location": [4.19197, -2.85, 5.02502], "rotation_quaternion": [1, 0, 0, 0], "scale": [1, 1, 1], "b4w_object_tags": null, "b4w_custom_prop": null, "b4w_anchor": null}, {"name": "DRUMS on RIZER", "uuid": "4749436a146a678bf5f059007434cba6", "type": "MESH", "body_text": null, "data": {"uuid": "daf2825453ce61bb4700f04102aa23e4"}, "proxy": null, "dupli_group": null, "parent": null, "b4w_viewport_alignment": null, "pinverse_tsr": null, "parent_type": "OBJECT", "parent_bone": "", "b4w_cluster_data": {"cluster_id": -1, "cluster_center": null, "cluster_radius": 0}, "modifiers": [], "constraints": [], "particle_systems": [], "animation_data": null, "b4w_do_not_batch": true, "b4w_dynamic_geometry": false, "b4w_do_not_cull": false, "b4w_disable_fogging": false, "b4w_do_not_render": false, "b4w_hidden_on_load": false, "b4w_hide_chldr_on_load": false, "b4w_shadow_cast": false, "b4w_shadow_receive": false, "b4w_reflexible": false, "b4w_reflexible_only": false, "b4w_reflective": false, "b4w_reflection_type": "PLANE", "b4w_caustics": false, "b4w_wind_bending": false, "b4w_wind_bending_angle": 10, "b4w_wind_bending_freq": 0.25, "b4w_detail_bending_amp": 0.1, "b4w_detail_bending_freq": 1, "b4w_branch_bending_amp": 0.3, "b4w_main_bend_stiffness_col": "", "b4w_detail_bend_colors": {"leaves_stiffness_col": "", "leaves_phase_col": "", "overall_stiffness_col": ""}, "lod_levels": [], "b4w_proxy_inherit_anim": true, "b4w_selectable": true, "b4w_outlining": true, "b4w_billboard": false, "b4w_pres_glob_orientation": false, "b4w_billboard_geometry": "SPHERICAL", "b4w_outline_settings": {"outline_duration": 1, "outline_period": 1, "outline_relapses": 0}, "b4w_outline_on_select": false, "b4w_use_default_animation": false, "b4w_anim_behavior": "CYCLIC", "b4w_animation_mixing": false, "b4w_shadow_cast_only": false, "b4w_collision": true, "b4w_collision_id": "MUSICOBJ", "b4w_vehicle": false, "b4w_vehicle_settings": null, "b4w_character": false, "b4w_character_settings": null, "b4w_floating": false, "b4w_floating_settings": null, "pose": null, "field": null, "b4w_correct_bounding_offset": "AUTO", "game": {"physics_type": "STATIC", "use_ghost": true, "use_sleep": false, "mass": 1, "velocity_min": 0, "velocity_max": 0, "damping": 0.04, "rotation_damping": 0.1, "lock_location_x": false, "lock_location_y": false, "lock_location_z": false, "lock_rotation_x": false, "lock_rotation_y": false, "lock_rotation_z": false, "collision_margin": 0.03999999910593033, "collision_group": 1, "collision_mask": 65535, "use_collision_bounds": true, "collision_bounds_type": "BOX", "use_collision_compound": false}, "pass_index": 0, "location": [0, 0, 0], "rotation_quaternion": [0.70711, 0, 0, -0.70711], "scale": [0.05, 0.05, 0.05], "b4w_object_tags": null, "b4w_custom_prop": null, "b4w_anchor": null}, {"name": "Empty", "uuid": "598e6e419ca45172136446528bc6c75d", "type": "EMPTY", "body_text": null, "data": "", "proxy": null, "dupli_group": null, "parent": {"uuid": "4749436a146a678bf5f059007434cba6"}, "b4w_viewport_alignment": null, "parent_type": "OBJECT", "parent_bone": "", "b4w_cluster_data": {"cluster_id": -1, "cluster_center": null, "cluster_radius": 0}, "modifiers": [], "constraints": [], "particle_systems": [], "animation_data": null, "b4w_do_not_batch": false, "b4w_dynamic_geometry": false, "b4w_do_not_cull": false, "b4w_disable_fogging": false, "b4w_do_not_render": false, "b4w_hidden_on_load": false, "b4w_hide_chldr_on_load": false, "b4w_shadow_cast": false, "b4w_shadow_receive": false, "b4w_reflexible": false, "b4w_reflexible_only": false, "b4w_reflective": false, "b4w_reflection_type": "PLANE", "b4w_caustics": false, "b4w_wind_bending": false, "b4w_wind_bending_angle": 10, "b4w_wind_bending_freq": 0.25, "b4w_detail_bending_amp": 0.1, "b4w_detail_bending_freq": 1, "b4w_branch_bending_amp": 0.3, "b4w_main_bend_stiffness_col": "", "b4w_detail_bend_colors": {"leaves_stiffness_col": "", "leaves_phase_col": "", "overall_stiffness_col": ""}, "lod_levels": [], "b4w_proxy_inherit_anim": true, "b4w_selectable": false, "b4w_outlining": false, "b4w_billboard": false, "b4w_pres_glob_orientation": false, "b4w_billboard_geometry": "SPHERICAL", "b4w_outline_settings": {"outline_duration": 1, "outline_period": 1, "outline_relapses": 0}, "b4w_outline_on_select": false, "b4w_use_default_animation": false, "b4w_anim_behavior": "CYCLIC", "b4w_animation_mixing": false, "b4w_shadow_cast_only": false, "b4w_collision": false, "b4w_collision_id": "", "b4w_vehicle": false, "b4w_vehicle_settings": null, "b4w_character": false, "b4w_character_settings": null, "b4w_floating": false, "b4w_floating_settings": null, "pose": null, "field": null, "b4w_correct_bounding_offset": "AUTO", "game": {"physics_type": "NO_COLLISION", "use_ghost": false, "use_sleep": false, "mass": 1, "velocity_min": 0, "velocity_max": 0, "damping": 0.04, "rotation_damping": 0.1, "lock_location_x": false, "lock_location_y": false, "lock_location_z": false, "lock_rotation_x": false, "lock_rotation_y": false, "lock_rotation_z": false, "collision_margin": 0.03999999910593033, "collision_group": 1, "collision_mask": 65535, "use_collision_bounds": false, "collision_bounds_type": "BOX", "use_collision_compound": false}, "pass_index": 0, "pinverse_tsr": [0, 0, 0, 1, 0, 0, 0, 1], "location": [0, 0, 2.01366], "rotation_quaternion": [1, 0, 0, 0], "scale": [1, 1, 1], "b4w_object_tags": null, "b4w_custom_prop": null, "b4w_anchor": {"type": "GENERIC", "detect_visibility": false, "element_id": "", "max_width": 250}}, {"name": "Lamp", "uuid": "693abf463932a86f44030a49989b70a4", "type": "LAMP", "body_text": null, "data": {"uuid": "5fb415573b79da2f2601b52138698389"}, "proxy": null, "dupli_group": null, "parent": null, "b4w_viewport_alignment": null, "pinverse_tsr": null, "parent_type": "OBJECT", "parent_bone": "", "b4w_cluster_data": {"cluster_id": -1, "cluster_center": null, "cluster_radius": 0}, "modifiers": [], "constraints": [], "particle_systems": [], "animation_data": null, "b4w_do_not_batch": false, "b4w_dynamic_geometry": false, "b4w_do_not_cull": false, "b4w_disable_fogging": false, "b4w_do_not_render": false, "b4w_hidden_on_load": false, "b4w_hide_chldr_on_load": false, "b4w_shadow_cast": false, "b4w_shadow_receive": false, "b4w_reflexible": false, "b4w_reflexible_only": false, "b4w_reflective": false, "b4w_reflection_type": "PLANE", "b4w_caustics": false, "b4w_wind_bending": false, "b4w_wind_bending_angle": 10, "b4w_wind_bending_freq": 0.25, "b4w_detail_bending_amp": 0.1, "b4w_detail_bending_freq": 1, "b4w_branch_bending_amp": 0.3, "b4w_main_bend_stiffness_col": "", "b4w_detail_bend_colors": {"leaves_stiffness_col": "", "leaves_phase_col": "", "overall_stiffness_col": ""}, "lod_levels": [], "b4w_proxy_inherit_anim": true, "b4w_selectable": false, "b4w_outlining": false, "b4w_billboard": false, "b4w_pres_glob_orientation": false, "b4w_billboard_geometry": "SPHERICAL", "b4w_outline_settings": {"outline_duration": 1, "outline_period": 1, "outline_relapses": 0}, "b4w_outline_on_select": false, "b4w_use_default_animation": false, "b4w_anim_behavior": "CYCLIC", "b4w_animation_mixing": false, "b4w_shadow_cast_only": false, "b4w_collision": false, "b4w_collision_id": "", "b4w_vehicle": false, "b4w_vehicle_settings": null, "b4w_character": false, "b4w_character_settings": null, "b4w_floating": false, "b4w_floating_settings": null, "pose": null, "field": null, "b4w_correct_bounding_offset": "AUTO", "game": {"physics_type": "STATIC", "use_ghost": false, "use_sleep": false, "mass": 1, "velocity_min": 0, "velocity_max": 0, "damping": 0.025, "rotation_damping": 0.159, "lock_location_x": false, "lock_location_y": false, "lock_location_z": false, "lock_rotation_x": false, "lock_rotation_y": false, "lock_rotation_z": false, "collision_margin": 0.05999999865889549, "collision_group": 1, "collision_mask": 255, "use_collision_bounds": false, "collision_bounds_type": "BOX", "use_collision_compound": false}, "pass_index": 0, "location": [4.07625, -5.61305, 5.64212], "rotation_quaternion": [0.57095, 0.16908, 0.27217, 0.75588], "scale": [1, 1, 1], "b4w_object_tags": null, "b4w_custom_prop": null, "b4w_anchor": null}, {"name": "Camera", "uuid": "91fa6be05494e624ec0eefb0c7f0d8a7", "type": "CAMERA", "body_text": null, "data": {"uuid": "6cec3c2798cfc051126f283ecb0000f9"}, "proxy": null, "dupli_group": null, "parent": null, "b4w_viewport_alignment": null, "pinverse_tsr": null, "parent_type": "OBJECT", "parent_bone": "", "b4w_cluster_data": {"cluster_id": -1, "cluster_center": null, "cluster_radius": 0}, "modifiers": [], "constraints": [], "particle_systems": [], "animation_data": null, "b4w_do_not_batch": false, "b4w_dynamic_geometry": false, "b4w_do_not_cull": false, "b4w_disable_fogging": false, "b4w_do_not_render": false, "b4w_hidden_on_load": false, "b4w_hide_chldr_on_load": false, "b4w_shadow_cast": false, "b4w_shadow_receive": false, "b4w_reflexible": false, "b4w_reflexible_only": false, "b4w_reflective": false, "b4w_reflection_type": "PLANE", "b4w_caustics": false, "b4w_wind_bending": false, "b4w_wind_bending_angle": 10, "b4w_wind_bending_freq": 0.25, "b4w_detail_bending_amp": 0.1, "b4w_detail_bending_freq": 1, "b4w_branch_bending_amp": 0.3, "b4w_main_bend_stiffness_col": "", "b4w_detail_bend_colors": {"leaves_stiffness_col": "", "leaves_phase_col": "", "overall_stiffness_col": ""}, "lod_levels": [], "b4w_proxy_inherit_anim": true, "b4w_selectable": false, "b4w_outlining": false, "b4w_billboard": false, "b4w_pres_glob_orientation": false, "b4w_billboard_geometry": "SPHERICAL", "b4w_outline_settings": {"outline_duration": 1, "outline_period": 1, "outline_relapses": 0}, "b4w_outline_on_select": false, "b4w_use_default_animation": false, "b4w_anim_behavior": "CYCLIC", "b4w_animation_mixing": false, "b4w_shadow_cast_only": false, "b4w_collision": false, "b4w_collision_id": "", "b4w_vehicle": false, "b4w_vehicle_settings": null, "b4w_character": false, "b4w_character_settings": null, "b4w_floating": false, "b4w_floating_settings": null, "pose": null, "field": null, "b4w_correct_bounding_offset": "AUTO", "game": {"physics_type": "STATIC", "use_ghost": false, "use_sleep": false, "mass": 1, "velocity_min": 0, "velocity_max": 0, "damping": 0.566, "rotation_damping": 0.626, "lock_location_x": false, "lock_location_y": false, "lock_location_z": false, "lock_rotation_x": false, "lock_rotation_y": false, "lock_rotation_z": false, "collision_margin": 0.05999999865889549, "collision_group": 1, "collision_mask": 255, "use_collision_bounds": false, "collision_bounds_type": "BOX", "use_collision_compound": false}, "pass_index": 0, "location": [6.43912, -5.82389, 6.9189], "rotation_quaternion": [0.78048, 0.48354, 0.2087, 0.33687], "scale": [1, 1, 1], "b4w_object_tags": null, "b4w_custom_prop": null, "b4w_anchor": null}], "groups": [], "scenes": [{"name": "Scene", "uuid": "fd65c4a04822898b71a60b1a431d2cc9", "b4w_use_nla": false, "b4w_nla_cyclic": false, "b4w_logic_nodes": [], "b4w_use_logic_editor": false, "b4w_enable_dynamic_compressor": false, "b4w_dynamic_compressor_settings": {"threshold": -24, "knee": 30, "ratio": 12, "attack": 0.003, "release": 0.25}, "b4w_shadow_settings": {"csm_resolution": 2048, "blur_samples": "16x", "soft_shadows": true, "self_shadow_polygon_offset": 1, "self_shadow_normal_offset": 0.01, "b4w_enable_csm": false, "csm_num": 1, "csm_first_cascade_border": 10, "first_cascade_blur_radius": 3, "csm_last_cascade_border": 100, "last_cascade_blur_radius": 1.5, "fade_last_cascade": true, "blend_between_cascades": true}, "b4w_god_rays_settings": {"intensity": 0.7, "max_ray_length": 1, "steps_per_pass": 10}, "b4w_ssao_settings": {"radius_increase": 3, "hemisphere": false, "blur_depth": false, "blur_discard_value": 1, "influence": 0.7, "dist_factor": 0, "samples": 16}, "b4w_color_correction_settings": {"brightness": 0, "contrast": 0, "exposure": 1, "saturation": 1}, "b4w_bloom_settings": {"key": 1, "blur": 4, "edge_lum": 1, "adaptive": true, "average_luminance": 0.5}, "b4w_motion_blur_settings": {"motion_blur_factor": 0.01, "motion_blur_decay_threshold": 0.01}, "b4w_glow_settings": {"render_glow_over_blend": false, "small_glow_mask_coeff": 2, "large_glow_mask_coeff": 2, "small_glow_mask_width": 2, "large_glow_mask_width": 6}, "b4w_outline_color": [1, 1, 1], "b4w_outline_factor": 1, "b4w_enable_physics": "ON", "b4w_render_shadows": "AUTO", "b4w_render_reflections": "ON", "b4w_reflection_quality": "MEDIUM", "b4w_render_refractions": "AUTO", "b4w_render_dynamic_grass": "AUTO", "b4w_enable_god_rays": false, "b4w_enable_glow_materials": "AUTO", "b4w_enable_ssao": false, "b4w_batch_grid_size": 0, "b4w_anisotropic_filtering": "OFF", "b4w_enable_bloom": false, "b4w_enable_motion_blur": false, "b4w_enable_color_correction": false, "b4w_antialiasing_quality": "MEDIUM", "b4w_enable_object_selection": "AUTO", "b4w_enable_outlining": "AUTO", "b4w_enable_anchors_visibility": "AUTO", "b4w_lod_smooth_type": "NON-OPAQUE", "b4w_lod_hyst_interval": 4.0, "b4w_tags": null, "b4w_custom_prop": null, "objects": [{"uuid": "a1e43952c1983d71e9b48731283c774a"}, {"uuid": "4749436a146a678bf5f059007434cba6"}, {"uuid": "598e6e419ca45172136446528bc6c75d"}, {"uuid": "693abf463932a86f44030a49989b70a4"}, {"uuid": "91fa6be05494e624ec0eefb0c7f0d8a7"}], "camera": {"uuid": "91fa6be05494e624ec0eefb0c7f0d8a7"}, "world": {"uuid": "0a5e17145e056fdbf59c5d2b83113194"}, "frame_start": 1, "frame_end": 250, "timeline_markers": null, "fps": 24, "audio_volume": 1, "audio_doppler_speed": 343.3, "audio_doppler_factor": 1, "audio_distance_model": "INVERSE_CLAMPED"}], "worlds": [{"name": "World", "uuid": "0a5e17145e056fdbf59c5d2b83113194", "texture_slots": [], "use_orco_tex_coord": false, "horizon_color": [0.0509, 0.0509, 0.0509], "zenith_color": [0.01, 0.01, 0.01], "use_sky_paper": false, "use_sky_blend": false, "use_sky_real": false, "b4w_use_default_animation": false, "b4w_anim_behavior": "CYCLIC", "use_nodes": false, "uv_vc_key": "", "light_settings": {"use_environment_light": false, "environment_energy": 1, "environment_color": "PLAIN"}, "b4w_sky_settings": {"render_sky": false, "reflexible": true, "reflexible_only": false, "procedural_skydome": false, "use_as_environment_lighting": false, "color": [0.087, 0.255, 0.6], "rayleigh_brightness": 3.3, "mie_brightness": 0.1, "spot_brightness": 20, "scatter_strength": 0.2, "rayleigh_strength": 0.2, "mie_strength": 0.006, "rayleigh_collection_power": 0.35, "mie_collection_power": 0.5, "mie_distribution": 0.4}, "fog_settings": {"use_fog": false, "intensity": 0, "depth": 25, "start": 5, "height": 0, "falloff": "QUADRATIC", "use_custom_color": false, "color": [0.5, 0.5, 0.5]}, "animation_data": null, "node_tree": null}], "node_groups": [], "binaries": [{"binfile": "Drums_on_rizer.bin", "int": 0, "float": 105768, "short": 409212, "ushort": 560934, "uchar": 560934}], "b4w_export_warnings": [], "b4w_export_errors": []}